{"minecraft:entity":{"component_groups":{"minecraft:adult":{"minecraft:burns_in_daylight":{},"minecraft:loot":{"table":"loot_tables/entities/zombie.json"},"minecraft:rideable":{"crouching_skip_interact":false,"family_types":["zombie"],"seat_count":1,"seats":[{"lock_rider_rotation":0.0,"max_rider_count":0.0,"min_rider_count":0.0,"position":[0.0,0.9,-0.25],"rotate_rider_by":0.0}]}},"minecraft:baby":{"minecraft:is_baby":{},"minecraft:movement":{"max":0.35,"value":0.35},"minecraft:scale":{"max":0.0,"value":0.5}},"minecraft:jockey":{"minecraft:behavior.find_mount":{"within_radius":16,"priority":1.0}}},"components":{"minecraft:attack":{"damage":1},"minecraft:attack_damage":{"effect_duration":30,"effect_name":"hunger","max":3,"value":1},"minecraft:behavior.break_door":{"priority":1.0},"minecraft:behavior.float":{"priority":0.0},"minecraft:behavior.hurt_by_target":{"priority":3.0},"minecraft:behavior.look_at_player":{"look_distance":6.0,"probability":0.02,"target_distance":0.0,"priority":7.0},"minecraft:behavior.melee_attack":{"track_target":true,"priority":3.0,"speed_multiplier":0.3},"minecraft:behavior.move_towards_restriction":{"priority":4.0,"speed_multiplier":0.3},"minecraft:behavior.nearest_attackable_target":{"entity_types":[{"filters":{"other_with_color":0.0,"other_with_families":["player","irongolem","snowgolem","villager"]},"max_dist":35}],"within_radius":100,"priority":5.0},"minecraft:behavior.random_look_around":{"priority":7.0},"minecraft:behavior.random_stroll":{"xz_dist":0.0,"y_dist":0.0,"priority":6.0,"speed_multiplier":0.3},"minecraft:collision_box":{"height":1.8,"width":0.6},"minecraft:equipment":{"table":"loot_tables/entities/zombie_equipment.json"},"minecraft:fall_damage":{"max":0.1,"value":0.1},"minecraft:fire_immune":true,"minecraft:health":{"max":500.0,"value":500.0},"minecraft:identifier":{"id":"minecraft:zombie"},"minecraft:inventory":{"can_be_siphoned_from":false,"container_type":"horse","inventory_size":10},"minecraft:movement":{"max":1.0,"value":1.0},"minecraft:nameable":{},"minecraft:scale":{"max":1.0,"value":1.0},"minecraft:type_family":{"family":["zombie","undead","monster"]}},"events":{"minecraft:entity_spawned":{"randomize":[{"add":{"component_groups":["minecraft:adult"]},"remove":{},"weight":380.0},{"add":{"component_groups":["minecraft:baby"]},"remove":{},"weight":17.0},{"add":{"component_groups":["minecraft:baby","minecraft:jockey"]},"remove":{},"weight":3.0}]}},"format_version":"0.1"}}